Country Name,Country Code,1960,1964,1968,1972,1976,1980,1984,1988,1992,1996,2000,2004,2008,2012,2016
Aruba,ABW,,,,,,,,596423607.1,958463184.4,1379960894,1873452514,2228491620,2745251397,2534636872,2965921788
Afghanistan,AFG,537777811.1,800000044.4,1373333367,1595555476,2555555567,3641723322,,,,,,5226778809,10109225814,20001598506,18017749074
Angola,AGO,,,,,,5930503401,6131475065,8769250550,8307810974,7526446606,9129594819,23552052408,88538611205,1.28053E+11,1.01124E+11
Albania,ALB,,,,,,,1857338012,2051236250,652174990.8,3199642580,3480355189,7184681399,12881354104,12319830252,11861200797
Andorra,AND,,,,113408231.9,227281024.6,446416105.8,330070689.3,721425939.2,1210013652,1223945357,1429049198,2894921778,4085630584,3188808943,2896679212
Arab World,ARB,,,25891606124,44182128971,1.45485E+11,3.37549E+11,3.11103E+11,3.0833E+11,4.72396E+11,5.79109E+11,7.35685E+11,9.65101E+11,2.08097E+12,2.7735E+12,2.46944E+12
United Arab Emirates,ARE,,,,,19213022691,43598748449,41807954236,36275674203,54239171888,73571233996,1.04337E+11,1.47824E+11,3.15475E+11,3.74591E+11,3.57045E+11
Argentina,ARG,,25605249382,26436857247,34733000536,51169499891,76961923742,79092001998,1.26207E+11,2.28789E+11,2.7215E+11,2.84204E+11,1.64658E+11,3.61558E+11,5.45982E+11,5.57531E+11
Armenia,ARM,,,,,,,,,1272577456,1596968913,1911563665,3576615240,11662040714,10619320049,10546135160
American Samoa,ASM,,,,,,,,,,,,512000000,563000000,644000000,652000000
Antigua and Barbuda,ATG,,,,,,131431026.7,208372846.3,398637727.8,499281481.5,633729629.6,826370370.4,919729629.6,1370070370,1199948148,1436585185
Australia,AUS,18577668272,23764139321,32665472057,51967289720,1.04921E+11,1.49776E+11,1.93242E+11,2.35658E+11,3.24884E+11,4.00303E+11,4.15223E+11,6.1249E+11,1.054E+12,1.54615E+12,1.20885E+12
Austria,AUT,6592693841,9169983886,12440625313,22059612477,42959976222,82058912997,67985344887,1.33339E+11,1.95078E+11,2.37251E+11,1.968E+11,3.00904E+11,4.30294E+11,4.09425E+11,3.95569E+11
Azerbaijan,AZE,,,,,,,,,4991350458,3176703092,5272617196,8680370408,48852482960,69683935845,37867518957
Burundi,BDI,195999990,260750008,183200000,246804571.4,448412753.6,919726666.7,987143931.2,1082403219,1083037671,869033856.3,870486065.9,915257323.4,1611835902,2333308099,2959640987
Belgium,BEL,11658722591,15960106681,21376353113,37209418019,71113882968,1.26829E+11,83349530159,1.62299E+11,2.34782E+11,2.79201E+11,2.36205E+11,3.68537E+11,5.15224E+11,4.96181E+11,4.7574E+11
Benin,BEN,226195579.4,269818988.3,326323097.4,410331901,698408244.4,1405251547,1051133927,1620246187,1695315306,2361116588,3511248900,6179176459,9748276762,11141358945,11821066153
Burkina Faso,BFA,330442817.2,410321785.6,460442864.2,578595584,976547572.2,1928720390,1459880353,2616040646,2240264712,2586550747,2956746304,5451688868,9451436359,12561016091,12833363370
Bangladesh,BGD,4274893913,5386054619,7483685474,6288245867,10117113333,18138049096,18920840000,26579005760,31708874594,46438484108,53369787319,65108544250,91631278239,1.33356E+11,2.21415E+11
Bulgaria,BGR,,,,,,19839230769,17594944444,22555941176,10350515464,12294221473,13245833844,26157894737,54438966420,54033250329,53806894796
Bahrain,BHR,,,,,,3072698328,3905585106,3702393617,4751063830,6101861436,9062898936,13150159574,25710904255,30749308511,32234973404
"Bahamas, The",BHS,169803921.6,266666666.7,444901960.8,590900000,642100000,1335300000,2041100000,2817900000,3109000000,3609000000,8076470000,9055290000,10526000000,10720500000,11928500000
Bosnia and Herzegovina,BIH,,,,,,,,,,2786045322,5505887894,10596205714,19112739664,17226849297,16913330694
Belarus,BLR,,,,,,,,,17037037037,14756846154,12736856828,23144351852,60763483146,65685102555,47722657821
Belize,BLZ,28071888.56,36193826.12,44910179.64,66062500,96905829.6,197938222.4,214381949,320093360.3,518239100,641383800,832050000,1051350000,1351350000,1522900000,1775100000
Bermuda,BMU,84466654.08,107566650.6,150000000,235400000,386300000,613299968,985699968,1415100032,1679900000,2695390000,3480219000,4484703000,6980000000,6378188000,6899911000
Bolivia,BOL,373879363.6,539491477.3,857912457.9,1257615645,2731984008,4526916803,6169501038,4597615563,5643893347,7396966657,8397912509,8773451739,16674324634,27084497483,33941126200
Brazil,BRA,15165569913,21211892260,33875881876,58539008786,1.52678E+11,2.35025E+11,2.09024E+11,3.30397E+11,4.00599E+11,8.50426E+11,6.55421E+11,6.69317E+11,1.69582E+12,2.46519E+12,1.7957E+12
Barbados,BRB,,,,,435911268.6,1012280615,1346890071,1812757918,1957000000,2363645403,3059500000,3444500000,4785000000,4610000000,4830000000
Brunei Darussalam,BRN,,,160819286.6,270818555.8,1423061357,4928824958,3782523088,2690717551,4183548189,5115602837,6001153306,7872333215,14393099069,19047940301,11400854268
Bhutan,BTN,,,,,,135653295.2,169264991.2,283855833.3,250794359.6,316420860.9,424464089.9,682523857,1227808791,1781281282,2158972129
Botswana,BWA,30412308.99,41613969.05,66248256.62,165258093.9,372010119.6,1060923829,1240796365,2644536804,4146513722,4847752843,5788329609,8957467707,10945070442,14380004175,15646354089
Central African Republic,CAF,112155598.9,142025069.5,191767437,230317908,451152450,797048028.8,637820620.7,1264899368,1411917558,1007791186,914500299.1,1270080251,1985240986,2510126699,1825018191
Canada,CAN,40461721693,49377522897,71829810520,1.13083E+11,2.06576E+11,2.73854E+11,3.55373E+11,5.07354E+11,5.92388E+11,6.28546E+11,7.42295E+11,1.0232E+12,1.54913E+12,1.82869E+12,1.52824E+12
Central Europe and the Baltics,CEB,,,,,,,,,2.59649E+11,4.15882E+11,4.28026E+11,7.62523E+11,1.5315E+12,1.35269E+12,1.32063E+12
Switzerland,CHE,9522746719,14480556572,18942729779,35777236928,66493313730,1.19008E+11,1.06285E+11,2.09298E+11,2.71814E+11,3.30092E+11,2.72055E+11,3.94164E+11,5.54363E+11,6.68044E+11,6.71309E+11
Channel Islands,CHI,,,,,,,,,,,6439703435,8553643354,,,
Chile,CHL,4110000000,5982347826,7167086957,11853817308,10341925249,29036709872,19622527480,26040229793,45964327559,78039572222,77860932152,99210392858,1.79638E+11,2.67122E+11,2.5044E+11
China,CHN,59716467625,59708343489,70846535056,1.13688E+11,1.5394E+11,1.91149E+11,2.59947E+11,3.12354E+11,4.26916E+11,8.63747E+11,1.21135E+12,1.95535E+12,4.59431E+12,8.53223E+12,1.12333E+13
Cote d'Ivoire,CIV,546203561.6,921063266.4,1281281246,1849400600,4662053708,10175615442,6841638715,10255170460,11152971316,12139234939,10717022463,16584164236,24322959641,26789047555,47964234560
Cameroon,CMR,618740988,782384527.8,1053077155,1430951332,3076592431,6740756569,7801858825,12493286762,11396310990,10513387442,10083937740,17430933517,26409781215,29102772799,32643697596
"Congo, Dem. Rep.",COD,3359404118,2881545273,3909780539,6173712814,9648583225,14394927495,7857729193,8861299977,8227343907,5771454940,19088046306,10297483481,19788515874,29306235826,37134799975
"Congo, Rep.",COG,131731862.6,185693724.8,251247458,410669262.9,754549600.5,1705796850,2193581366,2212536313,2933222714,2540697688,3219910550,4656975223,11649858744,17692912613,10335424288
Colombia,COL,4031152977,5973366667,5960212869,8671358733,15341403660,33400735644,38253120738,39212550050,58418985443,97160109278,99886577331,1.17082E+11,2.42187E+11,3.70921E+11,2.82825E+11
Comoros,COM,,,,,,212218226.4,184697210,356500026.7,457388578.9,396053797.6,350264287.7,633706149.3,915659192.8,1015843369,1012835518
Cabo Verde,CPV,,,,,,142246875.5,132019065,264308140.3,357160985.3,501979069.3,539227277.6,924318490.8,1789333749,1741809809,1662998678
Costa Rica,CRI,507513830,542578367.2,773841494.3,1238251696,2412555426,4831447001,3660476459,4614629898,8528593421,11618286652,14949514493,18528955525,30612927059,46473128286,57157992434
Caribbean small states,CSS,1880306125,2470264540,3083590687,4639299319,7932122921,13495267730,15982827317,16459864447,17570523339,24055634514,34198261849,43259576006,70340127758,72051118642,69191343076
Cuba,CUB,,,,8135150892,13789579903,19912889861,24039383608,27458999472,22085858243,25017368700,30565400000,38203000000,60806300000,73141000000,91370000000
Curacao,CUW,,,,,,,,,,,,,,3131096089,3122287933
Cayman Islands,CYM,,,,,,,,,,,,,4586114070,4291158968,4909498943
Cyprus,CYP,,,,,576090073.7,2154311277,2278248953,4278792597,6912150456,10011918444,9985844486,17320552500,27844698989,24978513427,20953442550
Czech Republic,CZE,,,,,,,,,34805013230,67387788633,61828166496,1.19814E+11,2.36816E+11,2.08858E+11,1.96272E+11
Germany,DEU,,,,2.99802E+11,5.19754E+11,9.50291E+11,7.25111E+11,1.40123E+12,2.13157E+12,2.49724E+12,1.94315E+12,2.80919E+12,3.73003E+12,3.52734E+12,3.4675E+12
Djibouti,DJI,,,,,,,,395794538.6,478058304.9,494004647.7,551230861.9,666072101.8,999105339.3,1353632942,2603554907
Dominica,DMA,,,,,,72804653.33,109157070.7,171106184.1,234058259.3,292286000,333468888.9,367199111.1,458190185.2,485996296.3,576229629.6
Denmark,DNK,,,13505573867,23232379952,44575892473,71127528700,59105236854,1.15553E+11,1.52916E+11,1.87632E+11,1.64159E+11,2.51373E+11,3.53361E+11,3.27149E+11,3.13116E+11
Dominican Republic,DOM,672399700,1025599900,1079100000,1987400000,3951500000,6761300000,11594000000,5374314928,11356271339,18241691854,24305116729,22322395369,48122547177,60681537195,75704720190
Algeria,DZA,,2909351793,3852115817,6761786387,17728347375,42345277342,53698278906,59089067187,48003298223,46941496780,54790233856,85325003122,1.71008E+11,2.09021E+11,1.59995E+11
East Asia & Pacific (excluding high income),EAP,80250493642,81045145100,1.01263E+11,1.54641E+11,2.5065E+11,3.74788E+11,4.78031E+11,5.72205E+11,8.06166E+11,1.50946E+12,1.73775E+12,2.68513E+12,5.99076E+12,1.07276E+13,1.35758E+13
Early-demographic dividend,EAR,1.51711E+11,1.93055E+11,2.34835E+11,3.31135E+11,6.93477E+11,1.29725E+12,1.37985E+12,1.52531E+12,2.11522E+12,2.71641E+12,3.31069E+12,4.11492E+12,7.33317E+12,1.00816E+13,1.05504E+13
East Asia & Pacific,EAS,1.53258E+11,2.01631E+11,2.99758E+11,5.62059E+11,1.02675E+12,1.813E+12,2.23331E+12,4.35404E+12,5.84284E+12,8.00412E+12,8.29774E+12,9.67747E+12,1.41481E+13,2.10721E+13,2.26586E+13
Europe & Central Asia (excluding high income),ECA,,,,,,,,8.63023E+11,8.03992E+11,7.30186E+11,6.62443E+11,1.25553E+12,3.10257E+12,3.90407E+12,2.77322E+12
Europe & Central Asia,ECS,,,8.2839E+11,1.37643E+12,2.4037E+12,4.59702E+12,3.67588E+12,7.14161E+12,9.79098E+12,1.10795E+13,1.00322E+13,1.57384E+13,2.32741E+13,2.24125E+13,2.03888E+13
Ecuador,ECU,2069465326,2244146868,2582180794,3185987235,9091924305,17881514683,16912515183,13051886552,18094238119,25226393197,18327764882,36591661000,61762635000,87924544000,99937696000
"Egypt, Arab Rep.",EGY,,,5932242991,9299638056,13315988083,21669908177,33971188992,34980124929,41855986519,67629716981,99838543960,78782467532,1.62818E+11,2.79117E+11,3.32442E+11
Euro area,EMU,2.44896E+11,3.7312E+11,5.19125E+11,8.80209E+11,1.5681E+12,2.96332E+12,2.33329E+12,4.57629E+12,6.74049E+12,7.60555E+12,6.4795E+12,1.01414E+13,1.40991E+13,1.26396E+13,1.19672E+13
Eritrea,ERI,,,,,,,,,477101651.6,693535954.2,706370815.6,1109054005,1380188800,,
Spain,ESP,12072126075,21343844644,31475548481,59132415221,1.18507E+11,2.32767E+11,1.72103E+11,3.7616E+11,6.30916E+11,6.42589E+11,5.96878E+11,1.06709E+12,1.62522E+12,1.32482E+12,1.23208E+12
Estonia,EST,,,,,,,,,,4780170373,5694069842,12144397516,24371299253,23192708982,24259552889
Ethiopia,ETH,,,,,,,8096302367,10908935749,10492993078,8547939731,8242392104,10131187261,27066912635,43310721414,74296618481
European Union,EUU,,,5.86432E+11,9.90761E+11,1.77065E+12,3.30428E+12,2.60425E+12,5.08599E+12,7.40112E+12,8.43225E+12,7.25989E+12,1.13995E+13,1.62378E+13,1.46363E+13,1.38868E+13
Fragile and conflict affected situations,FCS,17248392836,20059244831,24057049316,38333966647,92556684714,1.75746E+11,1.77287E+11,1.79834E+11,2.67276E+11,2.87885E+11,4.12071E+11,5.18798E+11,1.26453E+12,1.67881E+12,1.55071E+12
Finland,FIN,5224102196,7766655086,8823033880,14743186120,31849513771,53645202423,52888800950,1.09059E+11,1.12533E+11,1.32129E+11,1.25707E+11,1.97117E+11,2.84554E+11,2.58305E+11,2.40608E+11
Fiji,FJI,112328422.1,140032741.5,166952937.1,316650509,694552411.7,1202567359,1177997414,1109976928,1531803061,2129266728,1684109743,2727507213,3523185920,3972012571,4930204220
France,FRA,62225478001,94007851047,1.29785E+11,2.03494E+11,3.72319E+11,7.01288E+11,5.30684E+11,1.01885E+12,1.40147E+12,1.60568E+12,1.36225E+12,2.11574E+12,2.91838E+12,2.68383E+12,2.47129E+12
Faroe Islands,FRO,,,,,,,,,,,1058702725,1688237552,2432415998,2366301252,2738832687
"Micronesia, Fed. Sts.",FSM,,,,,,,,124700000,178100000,218534700,233271800,240236000,263145100,327248700,332265200
Gabon,GAB,141468977.6,215679855.3,294468564.5,430508357.7,3009409971,4279637934,3561451562,3834503378,5592390849,5694040337,5067865321,7770219480,15571349776,17170465294,14023890620
United Kingdom,GBR,73233967692,94407558351,1.0776E+11,1.69965E+11,2.32615E+11,5.64948E+11,4.61487E+11,9.10123E+11,1.17966E+12,1.41536E+12,1.65782E+12,2.41693E+12,2.92267E+12,2.70489E+12,2.69428E+12
Georgia,GEO,,,,,,,,,3690328964,3094935187,3057475289,5125365192,12795076469,16488403076,15141758567
Ghana,GHA,1217230038,1731296119,1666910166,2112292945,2765254237,4445228216,4412279843,5197840979,6413901602,6934984709,4983024408,8881368538,28678701891,41270954737,55009730600
Gibraltar,GIB,,,,,,,,,,,,,,,
Guinea,GIN,,,,,,,,2384295764,3284625277,3869032271,2995360969,3635458133,6964179194,7638045254,8595955581
"Gambia, The",GMB,,,41160658.57,59161545,112189468.5,241080708.9,177338801.9,266673126.2,714255460.5,848237108.6,782915402.4,961900106.9,1561763437,1415006238,1484579844
Guinea-Bissau,GNB,,,,87702828.57,112386489,110653830.7,138478900.6,164458120.3,226313443.7,270419779.4,370173838.7,532062927.4,868154708.5,989271229.6,1179004941
Equatorial Guinea,GNQ,,12712471.4,67514285.71,65429198.24,103653049.9,50642880.77,50320914.41,100534663.3,134707184.4,232463036.4,1045998496,4410764339,19749893536,22388345810,11240809132
Greece,GRC,4335186017,6669673257,10090675903,16885511364,31152835821,56829664269,48020024184,76261277925,1.16225E+11,1.45862E+11,1.30134E+11,2.40521E+11,3.54461E+11,2.45671E+11,1.95222E+11
Grenada,GRD,,,,,,110900457,145533310.7,236357523.7,310160444.4,366911444.4,520044370.4,599118592.6,825976037,799882259.3,1061631222
Greenland,GRL,,,,106101175.7,240780413.6,476055288.4,379371608.4,898611007.9,1037921837,1197509787,1068030830,1822486689,2499107511,2609667674,2707146783
Guatemala,GTM,1043599900,1299099900,1610500000,2101300000,4365300200,7878700000,9470000100,7841602824,10440842165,15674835615,19288827159,23965275794,39136436614,50388460925,66053725049
Guam,GUM,,,,,,,,,,,,3857000000,4621000000,5199000000,5795000000
Guyana,GUY,170215248.2,194773376.9,229750000,285380952.4,454440000,603200000,437631605.3,413799990,373573141.5,705406001.4,712667896.7,787814379.2,3025189399,4063090016,4482697337
High income,HIC,1.06285E+12,1.42804E+12,1.97937E+12,3.0739E+12,5.10679E+12,8.94917E+12,9.69727E+12,1.6134E+13,2.15743E+13,2.61334E+13,2.76508E+13,3.56502E+13,4.64109E+13,4.92625E+13,4.91812E+13
"Hong Kong SAR, China",HKG,1320796652,2206466461,2716964388,5710107420,12876366009,28861759209,33511383986,59707404561,1.04272E+11,1.59717E+11,1.71668E+11,1.691E+11,2.1928E+11,2.62629E+11,3.20838E+11
Honduras,HND,335650000,457000000,646800000,802999950,1347999950,3968160046,4915311846,5902717092,4943700431,5215028986,7103507989,8869311411,13881701034,18528601901,21717622071
Heavily indebted poor countries (HIPC),HPC,17351436195,20881706275,27528215711,37511660653,67436645668,1.08687E+11,1.02704E+11,1.38129E+11,1.29311E+11,1.39607E+11,1.69208E+11,2.26372E+11,4.41915E+11,5.80701E+11,6.69729E+11
Croatia,HRV,,,,,,,,,,23846442649,21633671681,41587470547,70234425974,56580819624,51601147666
Haiti,HTI,273187200,325281200,367968800,372000000,879000000,1383800000,1816200000,2613926800,2257121668,2907514523,6868666120,6005401730,10386485528,13708931890,13723267961
Hungary,HUN,,,,,,,,,38730585922,46658755152,47218405892,1.0396E+11,1.58136E+11,1.28475E+11,1.28471E+11
IBRD only,IBD,3.03366E+11,3.66582E+11,4.4914E+11,6.70792E+11,1.2803E+12,2.21161E+12,2.39604E+12,2.91096E+12,3.71487E+12,5.348E+12,5.81179E+12,8.02818E+12,1.69946E+13,2.51408E+13,2.61534E+13
IDA & IBRD total,IBT,3.39775E+11,4.13341E+11,5.10476E+11,7.54478E+11,1.44254E+12,2.48728E+12,2.68911E+12,3.22877E+12,4.04811E+12,5.7375E+12,6.2821E+12,8.68661E+12,1.82887E+13,2.69315E+13,2.8183E+13
IDA total,IDA,37746759197,47394508714,61748278169,84819443901,1.64288E+11,2.7948E+11,2.98485E+11,3.25902E+11,3.35598E+11,3.89763E+11,4.72835E+11,6.6223E+11,1.30013E+12,1.79408E+12,2.03974E+12
IDA blend,IDB,12078454512,15964807408,20006178480,32722637122,70214170791,1.26439E+11,1.45315E+11,1.38016E+11,1.46936E+11,1.7187E+11,2.0622E+11,3.10739E+11,6.36082E+11,8.89579E+11,9.31081E+11
Indonesia,IDN,,,7076465295,10997590361,37269156627,72482337370,84853699994,84300174477,1.28027E+11,2.2737E+11,1.65021E+11,2.56837E+11,5.10229E+11,9.1787E+11,9.31877E+11
IDA only,IDX,26697169010,32545810092,43369884972,53261897882,94884820410,1.52932E+11,1.49629E+11,1.87154E+11,1.8736E+11,2.16443E+11,2.65071E+11,3.48513E+11,6.58065E+11,8.95131E+11,1.10554E+12
Isle of Man,IMN,,,,,,,,,,1023086919,1563667800,2822358473,5928420956,6690725118,6846691871
India,IND,37029883875,56480289941,53085455871,71463193830,1.02717E+11,1.86325E+11,2.12158E+11,2.96589E+11,2.88208E+11,3.92897E+11,4.68395E+11,7.09149E+11,1.1989E+12,1.82764E+12,2.2948E+12
Not classified,INX,,,,,,,,,,,,,,,
Ireland,IRL,1939329775,2766608946,3278584478,6325627459,9465077838,21773901926,20130728188,37818133173,55985504489,75880630040,99852958356,1.93871E+11,2.75039E+11,2.24999E+11,3.00523E+11
"Iran, Islamic Rep.",IRN,4199134390,5379845647,8623172960,17153463264,68055295080,94362275580,1.62277E+11,1.23058E+11,,1.20404E+11,1.09592E+11,1.90043E+11,4.12336E+11,5.98868E+11,4.17984E+11
Iraq,IRQ,1684121535,2340521143,2896947634,4113848002,17754825601,53405689130,46802508845,62503055645,,,,36627901762,1.31614E+11,2.17808E+11,1.74896E+11
Iceland,ISL,248434097,434267936.9,474399471.6,840914344,1671998134,3386502001,2868747038,6115814944,7091625416,7438183248,9003639603,13834750405,17905251723,14724078148,20618363252
Israel,ISR,2598500000,3405333333,4619000000,8805000000,15236250000,24248823529,29262189632,50274157859,75870773860,1.09996E+11,1.32343E+11,1.35477E+11,2.16105E+11,2.5718E+11,3.18951E+11
Italy,ITA,40385288344,63175417019,87942231678,1.4526E+11,2.24717E+11,4.77257E+11,4.37888E+11,8.91609E+11,1.32016E+12,1.31243E+12,1.14383E+12,1.80323E+12,2.39886E+12,2.08708E+12,1.8758E+12
Jamaica,JAM,699050679,897931401.4,1083883355,1875048860,2966010230,2679409453,2373566957,3828310735,3530892749,7368000000,8985352832,10174664854,13709402085,14807086889,14075894320
Jordan,JOR,,,561187342.5,788574629,1708734940,3910036925,4966710013,6277197435,5311329067,6928359238,8460424401,11411390409,22657662395,31634561670,39892551149
Japan,JPN,44307342950,81749006382,1.46601E+11,3.18031E+11,5.86162E+11,1.10539E+12,1.31838E+12,3.07168E+12,3.90881E+12,4.83371E+12,4.88752E+12,4.81515E+12,5.03791E+12,6.20321E+12,4.92254E+12
Kazakhstan,KAZ,,,,,,,,,24906939560,21035357833,18291990619,43151647003,1.33442E+11,2.07999E+11,1.37278E+11
Kenya,KEN,791265458.8,998759333.6,1353295458,2107279157,3474542392,7265315332,6191437070,8355380879,8209129172,12045858436,12705357103,16095337094,35895153328,50412754861,69188755364
Kyrgyz Republic,KGZ,,,,,,,,,2316562500,1827570586,1369688498,2211534585,5139957785,6605139933,6813092066
Cambodia,KHM,637142865.7,782857128.6,1065714249,505549441.4,,,,,,3506695720,3677897739,5337833248,10351914093,14054443213,20016747754
Kiribati,KIR,,,,18936526.95,41109617.5,38715554.54,41246160.6,42972107.2,47737955.35,66515376.79,67254174.4,102367039.3,141042610.3,190243321.6,178328873
St. Kitts and Nevis,KNA,12366563.61,13416554.86,14600000,22944849.12,30095602.29,68459259.26,98603703.7,172692592.6,242137037,333944444.4,421473325.2,506900000,751233333.3,800414814.8,971166666.7
"Korea, Rep.",KOR,3958190759,3458939358,6119284294,10862327878,29902479339,65398646758,97510235986,1.99591E+11,3.55525E+11,6.1017E+11,5.76178E+11,7.93175E+11,1.04734E+12,1.27843E+12,1.50011E+12
Kuwait,KWT,,,2663119574,4451200973,13131668947,28638550499,21697297872,20692472760,19858555215,31493319973,37712842243,59439090601,1.47395E+11,1.7407E+11,1.0942E+11
Latin America & Caribbean (excluding high income),LAC,73153738157,98268086144,1.27916E+11,1.94969E+11,4.04287E+11,7.09845E+11,6.82618E+11,8.42387E+11,1.25177E+12,1.90284E+12,2.08552E+12,2.12098E+12,4.20354E+12,5.62921E+12,4.86573E+12
Lao PDR,LAO,,,,,,,1757142806,598961269.3,1127806945,1873671550,1731198022,2366398120,5443915121,10191350120,15805692546
Lebanon,LBN,,,,,,,,3313540068,5843579161,13690217333,17260364842,21159827992,29118916106,44035991746,51205122504
Liberia,LBR,,,,,,,,,,,874000000,897000000,1726000000,2721000000,3277826000
Libya,LBY,,,,,,,,,33881392045,27884615385,38270206950,33122307692,87140405361,81873662519,26197143268
St. Lucia,LCA,,,,,,170370370.4,251481481.5,429629629.6,674074074.1,788888888.9,932592592.6,1066666667,1437731111,1605146778,1865375222
Latin America & Caribbean,LCN,81651479231,1.11215E+11,1.4375E+11,2.19971E+11,4.35582E+11,7.80556E+11,7.4741E+11,9.23091E+11,1.37123E+12,2.0794E+12,2.29222E+12,2.36862E+12,4.59539E+12,6.15062E+12,5.39848E+12
Least developed countries: UN classification,LDC,,,,,,1.16127E+11,1.09342E+11,1.52592E+11,1.49831E+11,1.73447E+11,2.19133E+11,2.93986E+11,5.9668E+11,8.26383E+11,9.50658E+11
Low income,LIC,,,21857640202,31605260911,58886785629,88450233287,88655858614,1.0516E+11,96329680353,98861086920,1.34081E+11,1.70966E+11,3.47033E+11,4.49652E+11,4.88937E+11
Liechtenstein,LIE,,,,124941925,272493879,534701915.6,502617355.4,1161757671,1631197909,2504033252,2483953103,3454362686,5081432924,5456009385,6237264055
Sri Lanka,LKA,1409873950,1309747899,1801344538,2553936348,3591319857,4024621900,6043474843,6978371581,9703011636,13897738375,16330814180,20662525941,40713812310,68434409315,82401038710
Lower middle income,LMC,88589514458,1.21809E+11,1.35038E+11,1.84083E+11,3.16391E+11,5.83832E+11,6.53428E+11,8.1871E+11,8.37906E+11,1.05545E+12,1.21987E+12,1.73276E+12,3.26222E+12,4.66807E+12,5.36098E+12
Low & middle income,LMY,3.251E+11,3.92962E+11,4.86691E+11,7.19547E+11,1.39001E+12,2.37018E+12,2.5852E+12,3.10324E+12,3.86238E+12,5.42901E+12,5.9629E+12,8.21387E+12,1.72751E+13,2.59119E+13,2.72004E+13
Lesotho,LSO,34579308.41,51938961.22,61444771.1,80915831.92,147654093.8,431561376.5,333158476.2,470389179.7,831033941.1,946123275.9,887295267.9,1511236656,1758534995,2526185314,2165408359
Late-demographic dividend,LTE,1.83151E+11,2.12142E+11,2.70927E+11,4.39475E+11,7.88427E+11,1.2915E+12,1.36271E+12,1.79905E+12,2.09066E+12,3.32786E+12,3.40305E+12,5.1062E+12,1.16526E+13,1.76072E+13,1.85166E+13
Lithuania,LTU,,,,,,,,,,8382519637,11524776867,22627507452,47797551588,42943442158,43018087238
Luxembourg,LUX,703925705.9,903158753.9,1066447131,1968733388,3544268548,6232005794,4594891790,9750161273,16065740276,21776609772,21263514833,34685281848,55849686539,56677961787,60691483443
Latvia,LVA,,,,,,,,,,5969114344,7949253766,14401882399,35756225698,28330632929,28052325862
"Macao SAR, China",MAC,,,,,,,1292281654,2269233639,4879018602,7122539667,6720492406,10585624891,20917444920,43031577366,45387299721
St. Martin (French part),MAF,,,,,,,,,,,,,,,
Morocco,MAR,2037150716,2798339769,3271415868,5074117545,9584323309,21728770055,14824728528,25705296184,33711069431,43161452678,38857251336,59626020162,92507257784,98266306615,1.03312E+11
Monaco,MCO,,,,402460333.2,735339911.9,1378130996,1037314956,2000674667,2737067002,3137848801,2647883816,4137913500,6476490406,5743029680,6472990923
Moldova,MDA,,,,,,,,,,1695122174,1288429392,2598249556,6054849885,8709165249,8071480541
Madagascar,MDG,673081724.1,802482182.9,1031669636,1341590682,2181844194,5201818349,3905938481,3189456961,3714967007,4931861239,4629247091,5064732716,10725137478,11578978053,11848615018
Maldives,MDV,,,,,,42463576.16,109503546.1,168610478.4,284853358.6,450382328,624337145.3,1226829563,2271646188,2886170572,4379115588
Middle East & North Africa,MEA,,,32445755177,58587036260,1.93699E+11,4.01516E+11,4.28985E+11,4.08649E+11,6.04042E+11,8.02682E+11,9.66794E+11,1.27171E+12,2.65574E+12,3.57638E+12,3.15552E+12
Mexico,MEX,13040000000,20080000000,29360000000,45200000000,89025974026,2.05139E+11,1.84261E+11,1.81612E+11,3.63158E+11,4.10976E+11,7.07907E+11,7.82241E+11,1.10999E+12,1.20109E+12,1.07849E+12
Marshall Islands,MHL,,,,,,,45144000,70688000,91063000,110858000,115347500,133806400,153135800,182874800,200558400
Middle income,MIC,3.12138E+11,3.77767E+11,4.66834E+11,6.90815E+11,1.33638E+12,2.28915E+12,2.50349E+12,3.00614E+12,3.76938E+12,5.33005E+12,5.83222E+12,8.04604E+12,1.69338E+13,2.54563E+13,2.67079E+13
North Macedonia,MKD,,,,,,,,,2436849342,4651453634,3772851420,5682719260,9909548411,9745251126,10672471861
Mali,MLI,,,343771964.7,486617332.4,939227993.7,1759690812,1232932008,2169040742,2830673389,2780422212,2954129566,5444474268,9798741074,12441946098,14025944550
Malta,MLT,,,,295118249.3,527936988.8,1250242108,1101828569,2019474244,3021910217,3822882839,4069515557,6098092512,9090406750,9462238257,11665231192
Myanmar,MMR,,,,,,,,,,,8905066164,10567354056,31862554102,59937797559,67184236747
Middle East & North Africa (excluding high income),MNA,,,,,,,,,,3.95333E+11,4.51664E+11,5.93346E+11,1.24319E+12,1.72964E+12,1.45999E+12
Montenegro,MNE,,,,,,,,,,,984297589.4,2073234418,4545674528,4087561650,4373958354
Mongolia,MNG,,,,,,,2098734600,3204461567,1317611864,1345719472,1136896124,1992066808,5623216449,12292770631,11186734674
Northern Mariana Islands,MNP,,,,,,,,,,,,1210000000,939000000,751000000,1250000000
Mozambique,MOZ,,,,,,,,,2588625093,3856799844,5656473652,7631120533,12556195189,16350804543,11936999283
Mauritania,MRT,,224495789.3,311396000.3,391669449.3,775046377.6,1047924649,1074373735,1414951854,2164292208,2132081882,1779521110,2362501023,5138471610,6728208836,6398744505
Mauritius,MUS,,,,,704033525.4,1131788192,1040557089,2134517068,3224267548,4421943910,4663313620,6578844486,9990370016,11668685524,12232463656
Malawi,MWI,162956740.9,194736105.3,245169806.8,406062874.3,670317634.2,1237655461,1208008985,1379924257,1799517082,2281034131,1743506531,3476094499,5321012192,6028487929,5433040160
Malaysia,MYS,1916241997,2674441396,3330393310,5043268549,11050125905,24488033442,33943505718,35271880250,59167550163,1.00855E+11,93789736842,1.24749E+11,2.30814E+11,3.14443E+11,3.01255E+11
North America,NAC,5.83846E+11,7.35285E+11,1.01448E+12,1.39243E+12,2.08037E+12,3.13177E+12,4.39397E+12,5.74521E+12,7.11439E+12,8.70436E+12,1.09981E+13,1.32414E+13,1.6269E+13,1.80321E+13,2.02501E+13
Namibia,NAM,,,,,,2422096075,1947967886,2491412336,3424733520,3945340776,3833993703,6480441754,8496492492,13041886316,10665634688
New Caledonia,NCL,,,215507164,505892512.9,798310509.6,1182457143,796018978.5,2072735787,2923764926,3606968434,2682347064,,,,
Niger,NER,449526872.6,582816358.3,641214210.7,742779740.4,1064517575,2508524186,1461243212,2280356338,3386232592,2405687081,2236185390,3760443966,7297600897,9426913349,10355006770
Nigeria,NGA,4196092258,5552822484,5200895982,12274416018,36308883249,64201788123,73484359521,49648470440,47794925815,51075815093,69448756933,1.36386E+11,3.37036E+11,4.55502E+11,4.0465E+11
Nicaragua,NIC,223854666.7,341973758.9,695899980.4,880842890.1,1847871372,2189347368,3105517091,2630904262,1792800000,4308351903,5107329007,5795568205,8496946608,10532049077,13286083645
Netherlands,NLD,12276734172,18699380731,27817605743,54706557264,1.09169E+11,1.95152E+11,1.43913E+11,2.61911E+11,3.62963E+11,4.5049E+11,4.16443E+11,6.57172E+11,9.47998E+11,8.38971E+11,7.83528E+11
Norway,NOR,5163271598,7159202706,10159934137,17358610850,35942270686,64439382896,62057955033,1.019E+11,1.30838E+11,1.6352E+11,1.71247E+11,2.64512E+11,4.6225E+11,5.09506E+11,3.6882E+11
Nepal,NPL,508334414,496098775.3,772228643.4,1024098805,1452792989,1945916583,2581207388,3487009748,3401211581,4521580381,5494252208,7273938315,12545438605,18851513891,21185922408
Nauru,NRU,,,,,,,,,,,,,,96927201.48,100087349
New Zealand,NZL,5485854792,7274144351,5180597621,9567331065,13604832424,23244547385,21665975319,45176811594,41649829860,70140835299,52623281957,1.03905E+11,1.3329E+11,1.76248E+11,1.88224E+11
OECD members,OED,1.07337E+12,1.43541E+12,1.99112E+12,3.07669E+12,5.07105E+12,8.82409E+12,9.56179E+12,1.59246E+13,2.13693E+13,2.57554E+13,2.75023E+13,3.54274E+13,4.58719E+13,4.84244E+13,4.8179E+13
Oman,OMN,,,188864890.8,366857738.4,2560220035,5981760278,8821366532,8386215865,12452275683,15277763329,19507452508,24763713001,60905452458,76511059936,65480507171
Other small states,OSS,,,,4532361284,16791956356,37613666488,34029180314,43670301715,61461105759,73971723115,91292277740,1.51452E+11,3.22768E+11,4.14385E+11,3.66401E+11
Pakistan,PAK,3749265015,5204955901,8041999160,9415016360,13168080808,23654444444,31151825467,38472742808,48884606848,63320122807,82017743416,1.0776E+11,1.70078E+11,2.24384E+11,2.78655E+11
Panama,PAN,537147100,776137500,1112791100,1673411700,2588106000,4614086400,6183387100,5902783400,8042337700,9870494000,12304115000,15013381700,25155888600,40429700000,57907700000
Peru,PER,2571908062,4356913870,5736083835,9189413409,15947709380,18134029180,17599660054,15439408447,35966302303,55252414130,51744749133,66768703498,1.20551E+11,1.92649E+11,1.91896E+11
Philippines,PHL,6684568805,5271404668,7591603053,8017468688,17097563270,32450541843,31408492877,37885440419,52976344929,82848140618,83670261708,95001994600,1.81007E+11,2.61921E+11,3.18627E+11
Palau,PLW,,,,,,,,,,,146297500,165186200,198283900,212397800,295065400
Papua New Guinea,PNG,230496033,305312043.7,485160824.3,858802035.9,1511856584,2545983008,2552526263,3655979702,4377980510,5155311077,3521339699,3927157867,11670840924,21295659249,20759069105
Poland,POL,,,,,,,,,94337050693,1.60193E+11,1.72219E+11,2.5511E+11,5.33609E+11,4.98524E+11,4.7263E+11
Pre-demographic dividend,PRE,11224040335,13757301295,16948138829,26651095012,62408334508,1.19042E+11,1.1355E+11,1.27745E+11,1.78566E+11,1.93419E+11,2.43904E+11,3.98185E+11,9.56554E+11,1.30187E+12,1.21812E+12
Puerto Rico,PRI,1691900000,2570500000,3941700000,6328900000,8968600000,14436100000,19162600000,26385800000,34630430000,45340835000,61701800000,80322313000,93639300000,1.01565E+11,1.04337E+11
"Korea, Dem. People’s Rep.",PRK,,,,,,,,,,,,,,,
Portugal,PRT,3193200404,4235608178,6354262628,11239117865,20332831565,32896519824,25217969050,56347250696,1.07592E+11,1.2263E+11,1.18311E+11,1.89035E+11,2.62345E+11,2.16237E+11,2.06286E+11
Paraguay,PRY,,,517650793.7,769039682.5,1698960317,4448087302,4502462807,4255683528,7157424031,9788391781,8855705140,9624440836,24578067861,33283228891,36054281572
West Bank and Gaza,PSE,,,,,,,,,,3409600000,4313600000,4603100000,7310400000,12208400000,15405400000
Pacific island small states,PSS,,,,,1140685847,1955325057,1971776048,2025162059,2732727733,3973365283,3460016615,4839105125,6627662167,8223336840,9475857773
Post-demographic dividend,PST,1.04233E+12,1.39846E+12,1.94052E+12,3.00518E+12,4.93467E+12,8.53888E+12,9.32504E+12,1.56697E+13,2.07959E+13,2.49888E+13,2.62835E+13,3.38475E+13,4.32606E+13,4.56217E+13,4.55005E+13
French Polynesia,PYF,,,259590076.3,325843254.7,732286143.3,1362151524,1378991403,2687472830,3558215110,3954696874,3447543138,,,,
Qatar,QAT,,,,510259940.7,3284301332,7829094613,6704395824,6038187033,7646153984,9059340385,17759890110,31734065934,1.1527E+11,1.86834E+11,1.51732E+11
Romania,ROU,,,,,,,,40809523810,25121666667,36937074278,37253259017,74972669057,2.14314E+11,1.70636E+11,1.88129E+11
Russian Federation,RUS,,,,,,,,5.54713E+11,4.60291E+11,3.91725E+11,2.5971E+11,5.91017E+11,1.66085E+12,2.2083E+12,1.27679E+12
Rwanda,RWA,119000024,129999994,172200018,246457838.3,637754162.1,1254765350,1587412957,2395493878,2029026704,1382334879,2068929592,2376384754,5179108956,7655138385,8697268916
South Asia,SAS,47172093787,69181538978,72041947230,91683239018,1.32652E+11,2.36039E+11,2.72767E+11,3.74802E+11,3.84744E+11,5.24983E+11,6.30429E+11,9.17089E+11,1.52747E+12,2.29733E+12,2.92301E+12
Saudi Arabia,SAU,,,4187777711,9664067930,64005623870,1.64542E+11,1.19625E+11,88256162069,1.37088E+11,1.58662E+11,1.89515E+11,2.58742E+11,5.19797E+11,7.35975E+11,6.44936E+11
Sudan,SDN,1307333333,1611333333,1947333333,2882000000,6979333333,7459833333,9701357143,15399166667,7034219713,9018243044,12257418326,21457470203,54526580232,52766746152,51772232495
Senegal,SEN,1003692375,1188930568,1309384830,1620857277,2869777812,4435050397,3425127373,6311054901,7602005274,6413189839,5924239701,10167441854,16949789465,17824398469,19040312815
Singapore,SGP,704756304.7,894159153.3,1425715406,2721440981,6327077974,11896256783,19749361098,25371462488,52130263966,96295886525,96074477958,1.15035E+11,1.93612E+11,2.95087E+11,3.18652E+11
Solomon Islands,SLB,,,28084252.76,40606712.05,83099107.91,177151120.8,175865588.4,170948379.4,260578532.2,505832211.8,429169368.6,397611126.7,699157191,1190994127,1378551118
Sierra Leone,SLE,322009471.6,371848114.7,329860091.9,465381090,594895672.3,1100685845,1087471862,1055083945,679997997.6,941742152.7,635874002.2,1448536631,2505458705,3801862611,3674794530
El Salvador,SLV,,,1009760100,1263720000,2328280100,3573959900,3661683400,4189880000,5813399300,9586327800,11784927700,13724810900,17986890000,21386140000,24191440000
San Marino,SMR,,,,,,,,,,,1005159388,1723750000,2393437820,1604779648,1468377272
Somalia,SOM,180459936.8,229529912.7,286718279.7,416942436.9,807275808.7,603592656.8,788307213.4,1038291284,,,,,,,
Serbia,SRB,,,,,,,,,,21818007449,6875845987,26141968161,52194221469,43309252921,40692643373
Sub-Saharan Africa (excluding high income),SSA,29771852731,37501573294,47643035264,73575157124,1.47236E+11,2.71474E+11,2.65604E+11,3.02239E+11,3.3682E+11,3.64903E+11,3.95043E+11,6.41981E+11,1.20827E+12,1.62238E+12,1.5267E+12
South Sudan,SSD,,,,,,,,,,,,,14586253383,11931472169,
Sub-Saharan Africa,SSF,29922675704,37691842857,47880850987,73948909000,1.4797E+11,2.72706E+11,2.66739E+11,3.04644E+11,3.40484E+11,3.69849E+11,4.00343E+11,6.49419E+11,1.21923E+12,1.63511E+12,1.54037E+12
Small states,SST,,,,10470924562,26337536933,53094804186,52339459037,62247931397,81459878590,1.01858E+11,1.2894E+11,1.9954E+11,3.99736E+11,4.94659E+11,4.45069E+11
Sao Tome and Principe,STP,,,,,,,,,,,,114582561.6,188021190.6,250680453.1,345495358.4
Suriname,SUR,99650000,134400000,241350000,311950000,505500000,795000000,864000000,1161000000,404600000,861411471.3,947671969.7,1484092538,3532969035,4980000000,3128953537
Slovak Republic,SVK,,,,,,,,,15495514297,27925036755,29169953013,57332015148,1.0047E+11,94534730681,89655253976
Slovenia,SVN,,,,,,,,,13101055425,21507232649,20289627637,34414784504,55552509155,46580457470,44736333522
Sweden,SWE,15822585034,22532416750,31066819929,48954145809,89362071673,1.42092E+11,1.09201E+11,2.06987E+11,2.84321E+11,2.91744E+11,2.62835E+11,3.85118E+11,5.17706E+11,5.52484E+11,5.15655E+11
Eswatini,SWZ,35076158.48,64979280.41,79798404.03,146741251.5,272539098.4,542000513.6,494475699.9,692016714.3,1284766234,1602760100,1738100853,2770082822,3294093364,4886658806,3816018485
Sint Maarten (Dutch part),SXM,,,,,,,,,,,,,,985865921.8,1263687151
Seychelles,SYC,12012025.25,15393032.35,16074027.35,30645121.01,49278979.55,147357222.8,151313242,283828769,433667193.8,503068472.2,614879764.8,839319927.3,967199594,1060226126,1426651769
Syrian Arab Republic,SYR,857704431.7,1339494290,1753746370,3059682162,7633528921,13062421025,17503082982,10577042355,13253565899,13789560878,19325894913,25086930693,,,
Turks and Caicos Islands,TCA,,,,,,,,,,,,485598800,862683600,727161000,1032452000
Chad,TCD,313582727.6,392247517.6,453980096.7,585427545.7,866044961,1033002402,919103735.3,1482597299,1881847677,1607345450,1385058162,4422855929,10393834721,12367363678,10097778354
East Asia & Pacific (IDA & IBRD countries),TEA,80085561989,80878580271,1.01055E+11,1.54323E+11,2.50134E+11,3.74018E+11,4.77049E+11,5.71029E+11,8.04509E+11,1.50636E+12,1.73418E+12,2.67971E+12,5.97909E+12,1.0707E+13,1.35498E+13
Europe & Central Asia (IDA & IBRD countries),TEC,,,,,,,,9.89241E+11,9.44231E+11,9.51055E+11,8.9355E+11,1.6272E+12,3.92073E+12,4.62981E+12,3.48558E+12
Togo,TGO,121128073.1,166104067.6,241956910.7,335677636.9,619375134.2,1136408814,718148959.6,1378847487,1692959110,1465448290,1488185772,2255942249,3310277927,3873308389,4486979198
Thailand,THA,2760747472,3889129942,6081009428,8177884553,16985211146,32353440727,41797592963,61667199835,1.11453E+11,1.83035E+11,1.26392E+11,1.72896E+11,2.91383E+11,3.97558E+11,4.1343E+11
Tajikistan,TJK,,,,,,,,,1909246641,1043654822,860521119.3,2076182461,5161337336,7633049792,6952678127
Turkmenistan,TKM,,,,,,,,3010982414,3200539816,2378759975,2904662605,6838351088,19271523179,35164210526,36180000000
Latin America & the Caribbean (IDA & IBRD countries),TLA,76704221426,1.0415E+11,1.33896E+11,2.03694E+11,4.09692E+11,7.40182E+11,6.97299E+11,8.60153E+11,1.30275E+12,1.99298E+12,2.17734E+12,2.22539E+12,4.40789E+12,5.94265E+12,5.16284E+12
Timor-Leste,TLS,,,,,,,,,,,367087900,440732900,648492700,1147779600,1650608600
Middle East & North Africa (IDA & IBRD countries),TMN,,,,,,,,,,3.91914E+11,4.4731E+11,5.88764E+11,1.23593E+12,1.71741E+12,1.44432E+12
Tonga,TON,,,,,30036416.96,53260077.43,64248354.54,106657267.4,137066290.6,222100545.6,204849594.9,230657956.8,344428609,470714083.4,420540178.6
South Asia (IDA & IBRD),TSA,47172093787,69181538978,72041947230,91683239018,1.32652E+11,2.36039E+11,2.72767E+11,3.74802E+11,3.84744E+11,5.24983E+11,6.30429E+11,9.17089E+11,1.52747E+12,2.29733E+12,2.92301E+12
Sub-Saharan Africa (IDA & IBRD countries),TSS,29922675704,37691842857,47880850987,73948909000,1.4797E+11,2.72706E+11,2.66739E+11,3.04644E+11,3.40484E+11,3.69849E+11,4.00343E+11,6.49419E+11,1.21923E+12,1.63511E+12,1.54037E+12
Trinidad and Tobago,TTO,535670127.7,711893367.6,758899950,1083381044,2500410584,6235833333,7757083333,4496852073,5439552941,5759537726,8154338233,13280275123,27871587350,25763220107,22284780327
Tunisia,TUN,,,1214666667,2237476420,4507929104,8744134354,8254891864,10096292842,15497286296,19587322786,21473188882,31183139301,44856586316,45044112939,41801210428
Turkey,TUR,13995067818,11177777778,17500000000,20431095406,51280134554,68789289566,59989909458,90852814005,1.58459E+11,1.81476E+11,2.74303E+11,4.08865E+11,7.70449E+11,8.80556E+11,8.69683E+11
Tuvalu,TUV,,,,,,,,,9742949.471,12334846.23,13742057.05,21534931.61,30290219.76,37671774.69,36547799.58
Tanzania,TZA,,,,,,,,5100405772,4601413264,6496195451,13375976354,16675948415,27941177435,39650530214,49774021003
Uganda,UGA,423008385.7,589056603.8,1037815126,1491596639,2447300000,1244610000,3615647477,6508931652,2857457860,6044585327,6193246837,7939487474,14440404021,27188666947,29078719934
Ukraine,UKR,,,,,,,,74703517903,73942235330,44558077827,31261527363,64819702952,1.79817E+11,1.75781E+11,93355993629
Upper middle income,UMC,2.23788E+11,2.53743E+11,3.31176E+11,5.07196E+11,1.02436E+12,1.70923E+12,1.8533E+12,2.19161E+12,2.9304E+12,4.27473E+12,4.61256E+12,6.31328E+12,1.36716E+13,2.07883E+13,2.13389E+13
Uruguay,URY,1242289239,1975701816,1593675330,2189418001,3667161241,10163020116,4850241442,8213515459,12878199881,20515543039,22823255803,13686329890,30366213118,51264390114,52687612262
United States,USA,5.433E+11,6.858E+11,9.425E+11,1.27911E+12,1.87341E+12,2.85731E+12,4.03761E+12,5.23644E+12,6.52033E+12,8.07312E+12,1.02523E+13,1.22137E+13,1.47128E+13,1.6197E+13,1.8715E+13
Uzbekistan,UZB,,,,,,,,,12941297376,13948892216,13760513969,12030023548,29549438884,63628854499,81779012351
St. Vincent and the Grenadines,VCT,13066557.78,14758210.35,15350000,27585488.99,32792480.97,82340339.63,135024987.8,200726712.6,277954111.1,331489703.7,396261370.4,521975111.1,695428851.9,692933333.3,774429629.6
"Venezuela, RB",VEN,7779090909,8099318182,10034444444,13977727273,31419534884,59116511628,60010285714,60226413793,60401798246,70543211119,1.17141E+11,1.12453E+11,3.15953E+11,3.81286E+11,
British Virgin Islands,VGB,,,,,,,,,,,,,,,
Virgin Islands (U.S.),VIR,,,,,,,,,,,,3799000000,4250000000,4095000000,3863000000
Vietnam,VNM,,,,,,,,25423812649,9866990236,24657470575,31172518403,45427854693,99130304099,1.5582E+11,2.05276E+11
Vanuatu,VUT,,,,,,121185497.6,144482515.4,158351368.4,209088824.6,261370044.5,272014693.1,364996869.1,607958616.1,781702874.1,804332795.6
World,WLD,1.36944E+12,1.80567E+12,2.45145E+12,3.77761E+12,6.43821E+12,1.12278E+13,1.21801E+13,1.92444E+13,2.54532E+13,3.15732E+13,3.36236E+13,4.38746E+13,6.36902E+13,7.51618E+13,7.6369E+13
Samoa,WSM,,,,,,,109200934.3,133016065.4,132303041.4,249908970.7,269019710.3,420320176.4,619260721.6,760549587.1,799376439.5
Kosovo,XKX,,,,,,,,,,,1849196082,3556757429,5687417607,6499807272,6719172017
"Yemen, Rep.",YEM,,,,,,,,,6463649985,5785685311,9652436180,13872791659,26910851362,35401341663,30935978724
South Africa,ZAF,7575396973,10373995855,14894594048,21357435928,36603349968,82980483391,77344092904,95176640968,1.34545E+11,1.47606E+11,1.36361E+11,2.2859E+11,2.8677E+11,3.96333E+11,2.96357E+11
Zambia,ZMB,713000000,839428571.4,1605857143,1910714286,2746714286,3829500000,2739444444,3713614458,3181921788,3597220962,3600683040,6221077675,17910858638,25503060420,20954754378
Zimbabwe,ZWE,1052990400,1217138000,1479599900,2677729400,4318372000,6678868200,6352125900,7814784100,6751472200,8553146600,6689957600,5805598400,4415702800,17114849900,20548678100
